Season,League,Date,Team
2026-2027,Rees Memorial League,22/09/2026,Tregonissey C
2026-2027,Rees Memorial League,29/09/2026,Lerryn
2026-2027,Rees Memorial League,06/10/2026,Bethel C
2026-2027,Rees Memorial League,13/10/2026,Gorran Haven
2026-2027,Rees Memorial League,27/10/2026,Luxulyan B
2026-2027,Rees Memorial League,03/11/2026,Tregonissey B
2026-2027,Rees Memorial League,10/11/2026,Mevagissey C
2026-2027,Rees Memorial League,17/11/2026,Bethel B
2026-2027,Rees Memorial League,01/12/2026,Bethel D
2026-2027,Rees Memorial League,05/01/2027,Tregonissey C
2026-2027,Rees Memorial League,12/01/2027,Lerryn
2026-2027,Rees Memorial League,19/01/2027,Bethel C
2026-2027,Rees Memorial League,02/02/2027,Gorran Haven
2026-2027,Rees Memorial League,09/02/2027,Luxulyan B
2026-2027,Rees Memorial League,23/02/2027,Tregonissey B
2026-2027,Rees Memorial League,02/03/2027,Mevagissey C
2026-2027,Rees Memorial League,09/03/2027,Bethel B
2026-2027,Rees Memorial League,16/03/2027,Bethel D
