Season,League,Date,Time,Home,Away,Venue,Score,Status
2026-2027,Victory League,22/09/2026,19:30,Bugle,Mevagissey B,Bugle Working Mens Club,1-4,Approved
2026-2027,Victory League,22/09/2026,19:30,Mevagissey A,Bethel A,Mevagissey Social Club,2-3,Approved
2026-2027,Victory League,22/09/2026,19:30,St Blazey A,St Blazey B,St Blazey Football Club,1-4,Approved
2026-2027,Victory League,22/09/2026,19:30,Tregonissey A,Luxulyan A,Tregonissey Social Club,3-2,Approved
2026-2027,Victory League,22/09/2026,19:30,Pelynt,St Neot,Pelynt Social Club,3-2,Approved
2026-2027,Victory League,29/09/2026,19:30,St Neot,Bugle,St Neot Social Club,2-3,Approved
2026-2027,Victory League,29/09/2026,19:30,Bethel A,Pelynt,Bethel Social Club,4-1,Approved
2026-2027,Victory League,29/09/2026,19:30,St Blazey B,Mevagissey A,St Blazey Football Club,3-2,Approved
2026-2027,Victory League,29/09/2026,19:30,Luxulyan A,St Blazey A,Luxulyan Memorial Institute,3-2,Approved
2026-2027,Victory League,29/09/2026,19:30,Mevagissey B,Tregonissey A,Mevagissey Social Club,1-4,Approved
2026-2027,Victory League,06/10/2026,19:30,Bugle,Bethel A,Bugle Working Mens Club,2-3,Approved
2026-2027,Victory League,06/10/2026,19:30,Mevagissey A,Luxulyan A,Mevagissey Social Club,2-3,Approved
2026-2027,Victory League,06/10/2026,19:30,St Blazey A,Mevagissey B,St Blazey Football Club,1-4,Approved
2026-2027,Victory League,06/10/2026,19:30,Tregonissey A,St Neot,Tregonissey Social Club,4-1,Approved
2026-2027,Victory League,06/10/2026,19:30,Pelynt,St Blazey B,Pelynt Social Club,4-1,Approved
2026-2027,Victory League,13/10/2026,19:30,Bethel A,Mevagissey B,Bethel Social Club,,Scheduled
2026-2027,Victory League,13/10/2026,19:30,St Blazey B,St Neot,St Blazey Football Club,,Scheduled
2026-2027,Victory League,13/10/2026,19:30,Mevagissey A,Bugle,Mevagissey Social Club,,Scheduled
2026-2027,Victory League,13/10/2026,19:30,Tregonissey A,St Blazey A,Tregonissey Social Club,,Scheduled
2026-2027,Victory League,13/10/2026,19:30,Pelynt,Luxulyan A,Pelynt Social Club,,Scheduled
2026-2027,Victory League,27/10/2026,19:30,St Neot,Mevagissey A,St Neot Social Club,,Scheduled
2026-2027,Victory League,27/10/2026,19:30,Bugle,Tregonissey A,Bugle Working Mens Club,,Scheduled
2026-2027,Victory League,27/10/2026,19:30,Luxulyan A,Bethel A,Luxulyan Memorial Institute,,Scheduled
2026-2027,Victory League,27/10/2026,19:30,St Blazey A,Pelynt,St Blazey Football Club,,Scheduled
2026-2027,Victory League,27/10/2026,19:30,Mevagissey B,St Blazey B,Mevagissey Social Club,,Scheduled
2026-2027,Victory League,03/11/2026,19:30,St Neot,St Blazey A,St Neot Social Club,,Scheduled
2026-2027,Victory League,03/11/2026,19:30,Bethel A,Tregonissey A,Bethel Social Club,,Scheduled
2026-2027,Victory League,03/11/2026,19:30,St Blazey B,Bugle,St Blazey Football Club,,Scheduled
2026-2027,Victory League,03/11/2026,19:30,Mevagissey B,Luxulyan A,Mevagissey Social Club,,Scheduled
2026-2027,Victory League,03/11/2026,19:30,Pelynt,Mevagissey A,Pelynt Social Club,,Scheduled
2026-2027,Victory League,10/11/2026,19:30,Bugle,Pelynt,Bugle Working Mens Club,,Scheduled
2026-2027,Victory League,10/11/2026,19:30,Luxulyan A,St Neot,Luxulyan Memorial Institute,,Scheduled
2026-2027,Victory League,10/11/2026,19:30,Mevagissey A,Mevagissey B,Mevagissey Social Club,,Scheduled
2026-2027,Victory League,10/11/2026,19:30,St Blazey A,Bethel A,St Blazey Football Club,,Scheduled
2026-2027,Victory League,10/11/2026,19:30,Tregonissey A,St Blazey B,Tregonissey Social Club,,Scheduled
2026-2027,Victory League,17/11/2026,19:30,St Neot,Mevagissey B,St Neot Social Club,,Scheduled
2026-2027,Victory League,17/11/2026,19:30,St Blazey B,Bethel A,St Blazey Football Club,,Scheduled
2026-2027,Victory League,17/11/2026,19:30,Mevagissey A,St Blazey A,Mevagissey Social Club,,Scheduled
2026-2027,Victory League,17/11/2026,19:30,Bugle,Luxulyan A,Bugle Working Mens Club,,Scheduled
2026-2027,Victory League,17/11/2026,19:30,Pelynt,Tregonissey A,Pelynt Social Club,,Scheduled
2026-2027,Victory League,01/12/2026,19:30,Bethel A,St Neot,Bethel Social Club,,Scheduled
2026-2027,Victory League,01/12/2026,19:30,Luxulyan A,St Blazey B,Luxulyan Memorial Institute,,Scheduled
2026-2027,Victory League,01/12/2026,19:30,St Blazey A,Bugle,St Blazey Football Club,,Scheduled
2026-2027,Victory League,01/12/2026,19:30,Tregonissey A,Mevagissey A,Tregonissey Social Club,,Scheduled
2026-2027,Victory League,01/12/2026,19:30,Mevagissey B,Pelynt,Mevagissey Social Club,,Scheduled
2026-2027,Victory League,05/01/2027,19:30,Mevagissey B,Bugle,Mevagissey Social Club,,Scheduled
2026-2027,Victory League,05/01/2027,19:30,Bethel A,Mevagissey A,Bethel Social Club,,Scheduled
2026-2027,Victory League,05/01/2027,19:30,St Blazey B,St Blazey A,St Blazey Football Club,,Scheduled
2026-2027,Victory League,05/01/2027,19:30,Luxulyan A,Tregonissey A,Luxulyan Memorial Institute,,Scheduled
2026-2027,Victory League,05/01/2027,19:30,St Neot,Pelynt,St Neot Social Club,,Scheduled
2026-2027,Victory League,12/01/2027,19:30,Bugle,St Neot,Bugle Working Mens Club,,Scheduled
2026-2027,Victory League,12/01/2027,19:30,Pelynt,Bethel A,Pelynt Social Club,,Scheduled
2026-2027,Victory League,12/01/2027,19:30,Mevagissey A,St Blazey B,Mevagissey Social Club,,Scheduled
2026-2027,Victory League,12/01/2027,19:30,St Blazey A,Luxulyan A,St Blazey Football Club,,Scheduled
2026-2027,Victory League,12/01/2027,19:30,Tregonissey A,Mevagissey B,Tregonissey Social Club,,Scheduled
2026-2027,Victory League,19/01/2027,19:30,Bethel A,Bugle,Bethel Social Club,,Scheduled
2026-2027,Victory League,19/01/2027,19:30,Luxulyan A,Mevagissey A,Luxulyan Memorial Institute,,Scheduled
2026-2027,Victory League,19/01/2027,19:30,Mevagissey B,St Blazey A,Mevagissey Social Club,,Scheduled
2026-2027,Victory League,19/01/2027,19:30,St Neot,Tregonissey A,St Neot Social Club,,Scheduled
2026-2027,Victory League,19/01/2027,19:30,St Blazey B,Pelynt,St Blazey Football Club,,Scheduled
2026-2027,Victory League,02/02/2027,19:30,Mevagissey B,Bethel A,Mevagissey Social Club,,Scheduled
2026-2027,Victory League,02/02/2027,19:30,St Neot,St Blazey B,St Neot Social Club,,Scheduled
2026-2027,Victory League,02/02/2027,19:30,Bugle,Mevagissey A,Bugle Working Mens Club,,Scheduled
2026-2027,Victory League,02/02/2027,19:30,St Blazey A,Tregonissey A,St Blazey Football Club,,Scheduled
2026-2027,Victory League,02/02/2027,19:30,Luxulyan A,Pelynt,Luxulyan Memorial Institute,,Scheduled
2026-2027,Victory League,09/02/2027,19:30,Mevagissey A,St Neot,Mevagissey Social Club,,Scheduled
2026-2027,Victory League,09/02/2027,19:30,Tregonissey A,Bugle,Tregonissey Social Club,,Scheduled
2026-2027,Victory League,09/02/2027,19:30,Bethel A,Luxulyan A,Bethel Social Club,,Scheduled
2026-2027,Victory League,09/02/2027,19:30,Pelynt,St Blazey A,Pelynt Social Club,,Scheduled
2026-2027,Victory League,09/02/2027,19:30,St Blazey B,Mevagissey B,St Blazey Football Club,,Scheduled
2026-2027,Victory League,23/02/2027,19:30,St Blazey A,St Neot,St Blazey Football Club,,Scheduled
2026-2027,Victory League,23/02/2027,19:30,Tregonissey A,Bethel A,Tregonissey Social Club,,Scheduled
2026-2027,Victory League,23/02/2027,19:30,Bugle,St Blazey B,Bugle Working Mens Club,,Scheduled
2026-2027,Victory League,23/02/2027,19:30,Luxulyan A,Mevagissey B,Luxulyan Memorial Institute,,Scheduled
2026-2027,Victory League,23/02/2027,19:30,Mevagissey A,Pelynt,Mevagissey Social Club,,Scheduled
2026-2027,Victory League,02/03/2027,19:30,Pelynt,Bugle,Pelynt Social Club,,Scheduled
2026-2027,Victory League,02/03/2027,19:30,St Neot,Luxulyan A,St Neot Social Club,,Scheduled
2026-2027,Victory League,02/03/2027,19:30,Mevagissey B,Mevagissey A,Mevagissey Social Club,,Scheduled
2026-2027,Victory League,02/03/2027,19:30,Bethel A,St Blazey A,Bethel Social Club,,Scheduled
2026-2027,Victory League,02/03/2027,19:30,St Blazey B,Tregonissey A,St Blazey Football Club,,Scheduled
2026-2027,Victory League,09/03/2027,19:30,Mevagissey B,St Neot,Mevagissey Social Club,,Scheduled
2026-2027,Victory League,09/03/2027,19:30,Bethel A,St Blazey B,Bethel Social Club,,Scheduled
2026-2027,Victory League,09/03/2027,19:30,St Blazey A,Mevagissey A,St Blazey Football Club,,Scheduled
2026-2027,Victory League,09/03/2027,19:30,Luxulyan A,Bugle,Luxulyan Memorial Institute,,Scheduled
2026-2027,Victory League,09/03/2027,19:30,Tregonissey A,Pelynt,Tregonissey Social Club,,Scheduled
2026-2027,Victory League,16/03/2027,19:30,St Neot,Bethel A,St Neot Social Club,,Scheduled
2026-2027,Victory League,16/03/2027,19:30,St Blazey B,Luxulyan A,St Blazey Football Club,,Scheduled
2026-2027,Victory League,16/03/2027,19:30,Bugle,St Blazey A,Bugle Working Mens Club,,Scheduled
2026-2027,Victory League,16/03/2027,19:30,Mevagissey A,Tregonissey A,Mevagissey Social Club,,Scheduled
2026-2027,Victory League,16/03/2027,19:30,Pelynt,Mevagissey B,Pelynt Social Club,,Scheduled
2026-2027,Rees Memorial League,22/09/2026,19:30,Bethel D,Bethel C,Bethel Social Club,4-1,Approved
2026-2027,Rees Memorial League,22/09/2026,19:30,Bethel B,Mevagissey C,Bethel Social Club,3-2,Approved
2026-2027,Rees Memorial League,22/09/2026,19:30,Gorran Haven,Lerryn,Gorran Haven Snooker Club,4-1,Approved
2026-2027,Rees Memorial League,22/09/2026,19:30,Luxulyan B,Tregonissey B,Luxulyan Memorial Institute,5-0,Approved
2026-2027,Rees Memorial League,29/09/2026,19:30,Tregonissey B,Bethel D,Tregonissey Social Club,1-4,Approved
2026-2027,Rees Memorial League,29/09/2026,19:30,Mevagissey C,Luxulyan B,Mevagissey Social Club,3-2,Approved
2026-2027,Rees Memorial League,29/09/2026,19:30,Tregonissey C,Bethel B,Tregonissey Social Club,1-4,Approved
2026-2027,Rees Memorial League,29/09/2026,19:30,Bethel C,Gorran Haven,Bethel Social Club,3-2,Approved
2026-2027,Rees Memorial League,06/10/2026,19:30,Bethel D,Mevagissey C,Bethel Social Club,,Scheduled
2026-2027,Rees Memorial League,06/10/2026,19:30,Bethel B,Lerryn,Bethel Social Club,3-2,Approved
2026-2027,Rees Memorial League,06/10/2026,19:30,Gorran Haven,Tregonissey B,Gorran Haven Snooker Club,1-4,Approved
2026-2027,Rees Memorial League,06/10/2026,19:30,Luxulyan B,Tregonissey C,Luxulyan Memorial Institute,5-0,Approved
2026-2027,Rees Memorial League,13/10/2026,19:30,Mevagissey C,Bethel C,Mevagissey Social Club,,Scheduled
2026-2027,Rees Memorial League,13/10/2026,19:30,Tregonissey C,Tregonissey B,Tregonissey Social Club,,Scheduled
2026-2027,Rees Memorial League,13/10/2026,19:30,Bethel B,Bethel D,Bethel Social Club,,Scheduled
2026-2027,Rees Memorial League,13/10/2026,19:30,Luxulyan B,Lerryn,Luxulyan Memorial Institute,,Scheduled
2026-2027,Rees Memorial League,27/10/2026,19:30,Tregonissey B,Bethel B,Tregonissey Social Club,,Scheduled
2026-2027,Rees Memorial League,27/10/2026,19:30,Bethel D,Gorran Haven,Bethel Social Club,,Scheduled
2026-2027,Rees Memorial League,27/10/2026,19:30,Lerryn,Mevagissey C,Lerryn Community Centre,,Scheduled
2026-2027,Rees Memorial League,27/10/2026,19:30,Bethel C,Tregonissey C,Bethel Social Club,,Scheduled
2026-2027,Rees Memorial League,03/11/2026,19:30,Mevagissey C,Gorran Haven,Mevagissey Social Club,,Scheduled
2026-2027,Rees Memorial League,03/11/2026,19:30,Tregonissey C,Bethel D,Tregonissey Social Club,,Scheduled
2026-2027,Rees Memorial League,03/11/2026,19:30,Bethel C,Lerryn,Bethel Social Club,,Scheduled
2026-2027,Rees Memorial League,03/11/2026,19:30,Luxulyan B,Bethel B,Luxulyan Memorial Institute,,Scheduled
2026-2027,Rees Memorial League,10/11/2026,19:30,Bethel D,Luxulyan B,Bethel Social Club,,Scheduled
2026-2027,Rees Memorial League,10/11/2026,19:30,Lerryn,Tregonissey B,Lerryn Community Centre,,Scheduled
2026-2027,Rees Memorial League,10/11/2026,19:30,Bethel B,Bethel C,Bethel Social Club,,Scheduled
2026-2027,Rees Memorial League,10/11/2026,19:30,Gorran Haven,Tregonissey C,Gorran Haven Snooker Club,,Scheduled
2026-2027,Rees Memorial League,17/11/2026,19:30,Tregonissey B,Bethel C,Tregonissey Social Club,,Scheduled
2026-2027,Rees Memorial League,17/11/2026,19:30,Tregonissey C,Mevagissey C,Tregonissey Social Club,,Scheduled
2026-2027,Rees Memorial League,17/11/2026,19:30,Bethel D,Lerryn,Bethel Social Club,,Scheduled
2026-2027,Rees Memorial League,17/11/2026,19:30,Luxulyan B,Gorran Haven,Luxulyan Memorial Institute,,Scheduled
2026-2027,Rees Memorial League,01/12/2026,19:30,Mevagissey C,Tregonissey B,Mevagissey Social Club,,Scheduled
2026-2027,Rees Memorial League,01/12/2026,19:30,Lerryn,Tregonissey C,Lerryn Community Centre,,Scheduled
2026-2027,Rees Memorial League,01/12/2026,19:30,Gorran Haven,Bethel B,Gorran Haven Snooker Club,,Scheduled
2026-2027,Rees Memorial League,01/12/2026,19:30,Bethel C,Luxulyan B,Bethel Social Club,,Scheduled
2026-2027,Rees Memorial League,05/01/2027,19:30,Bethel C,Bethel D,Bethel Social Club,,Scheduled
2026-2027,Rees Memorial League,05/01/2027,19:30,Mevagissey C,Bethel B,Mevagissey Social Club,,Scheduled
2026-2027,Rees Memorial League,05/01/2027,19:30,Lerryn,Gorran Haven,Lerryn Community Centre,,Scheduled
2026-2027,Rees Memorial League,05/01/2027,19:30,Tregonissey B,Luxulyan B,Tregonissey Social Club,,Scheduled
2026-2027,Rees Memorial League,12/01/2027,19:30,Bethel D,Tregonissey B,Bethel Social Club,,Scheduled
2026-2027,Rees Memorial League,12/01/2027,19:30,Luxulyan B,Mevagissey C,Luxulyan Memorial Institute,,Scheduled
2026-2027,Rees Memorial League,12/01/2027,19:30,Bethel B,Tregonissey C,Bethel Social Club,,Scheduled
2026-2027,Rees Memorial League,12/01/2027,19:30,Gorran Haven,Bethel C,Gorran Haven Snooker Club,,Scheduled
2026-2027,Rees Memorial League,19/01/2027,19:30,Mevagissey C,Bethel D,Mevagissey Social Club,,Scheduled
2026-2027,Rees Memorial League,19/01/2027,19:30,Lerryn,Bethel B,Lerryn Community Centre,,Scheduled
2026-2027,Rees Memorial League,19/01/2027,19:30,Tregonissey B,Gorran Haven,Tregonissey Social Club,,Scheduled
2026-2027,Rees Memorial League,19/01/2027,19:30,Tregonissey C,Luxulyan B,Tregonissey Social Club,,Scheduled
2026-2027,Rees Memorial League,02/02/2027,19:30,Bethel C,Mevagissey C,Bethel Social Club,,Scheduled
2026-2027,Rees Memorial League,02/02/2027,19:30,Tregonissey B,Tregonissey C,Tregonissey Social Club,,Scheduled
2026-2027,Rees Memorial League,02/02/2027,19:30,Bethel D,Bethel B,Bethel Social Club,,Scheduled
2026-2027,Rees Memorial League,02/02/2027,19:30,Lerryn,Luxulyan B,Lerryn Community Centre,,Scheduled
2026-2027,Rees Memorial League,09/02/2027,19:30,Bethel B,Tregonissey B,Bethel Social Club,,Scheduled
2026-2027,Rees Memorial League,09/02/2027,19:30,Gorran Haven,Bethel D,Gorran Haven Snooker Club,,Scheduled
2026-2027,Rees Memorial League,09/02/2027,19:30,Mevagissey C,Lerryn,Mevagissey Social Club,,Scheduled
2026-2027,Rees Memorial League,09/02/2027,19:30,Tregonissey C,Bethel C,Tregonissey Social Club,,Scheduled
2026-2027,Rees Memorial League,23/02/2027,19:30,Gorran Haven,Mevagissey C,Gorran Haven Snooker Club,,Scheduled
2026-2027,Rees Memorial League,23/02/2027,19:30,Bethel D,Tregonissey C,Bethel Social Club,,Scheduled
2026-2027,Rees Memorial League,23/02/2027,19:30,Lerryn,Bethel C,Lerryn Community Centre,,Scheduled
2026-2027,Rees Memorial League,23/02/2027,19:30,Bethel B,Luxulyan B,Bethel Social Club,,Scheduled
2026-2027,Rees Memorial League,02/03/2027,19:30,Luxulyan B,Bethel D,Luxulyan Memorial Institute,,Scheduled
2026-2027,Rees Memorial League,02/03/2027,19:30,Tregonissey B,Lerryn,Tregonissey Social Club,,Scheduled
2026-2027,Rees Memorial League,02/03/2027,19:30,Bethel C,Bethel B,Bethel Social Club,,Scheduled
2026-2027,Rees Memorial League,02/03/2027,19:30,Tregonissey C,Gorran Haven,Tregonissey Social Club,,Scheduled
2026-2027,Rees Memorial League,09/03/2027,19:30,Bethel C,Tregonissey B,Bethel Social Club,,Scheduled
2026-2027,Rees Memorial League,09/03/2027,19:30,Mevagissey C,Tregonissey C,Mevagissey Social Club,,Scheduled
2026-2027,Rees Memorial League,09/03/2027,19:30,Lerryn,Bethel D,Lerryn Community Centre,,Scheduled
2026-2027,Rees Memorial League,09/03/2027,19:30,Gorran Haven,Luxulyan B,Gorran Haven Snooker Club,,Scheduled
2026-2027,Rees Memorial League,16/03/2027,19:30,Tregonissey B,Mevagissey C,Tregonissey Social Club,,Scheduled
2026-2027,Rees Memorial League,16/03/2027,19:30,Tregonissey C,Lerryn,Tregonissey Social Club,,Scheduled
2026-2027,Rees Memorial League,16/03/2027,19:30,Bethel B,Gorran Haven,Bethel Social Club,,Scheduled
2026-2027,Rees Memorial League,16/03/2027,19:30,Luxulyan B,Bethel C,Luxulyan Memorial Institute,,Scheduled
