Season,League,Date,Home,Away,Frame,Home player,Home points,Away player,Away points,Home breaks,Away breaks
2026-2027,Victory League,22/09/2026,Bugle,Mevagissey B,1,Ian Ball,38,Ben Rothwell,53,,
2026-2027,Victory League,22/09/2026,Bugle,Mevagissey B,2,Keith Moore,63,Dave Kendall,29,,
2026-2027,Victory League,22/09/2026,Bugle,Mevagissey B,3,Jake Moore,38,Nathan Shaw,51,,
2026-2027,Victory League,22/09/2026,Bugle,Mevagissey B,4,Dave Rundle,19,Pete Chambers,69,,
2026-2027,Victory League,22/09/2026,Bugle,Mevagissey B,5,Mark Sturtridge,52,Ben Rothwell (Ext),62,,
2026-2027,Victory League,22/09/2026,Mevagissey A,Bethel A,1,Ryan Bilson,35,Matt Green,55,,
2026-2027,Victory League,22/09/2026,Mevagissey A,Bethel A,2,Charlie Prynn,41,Paul Baron,53,,
2026-2027,Victory League,22/09/2026,Mevagissey A,Bethel A,3,Matthew Chesterfield,49,Garry Stephens,73,,
2026-2027,Victory League,22/09/2026,Mevagissey A,Bethel A,4,Ben Prynn,48,Andy Peers,38,,
2026-2027,Victory League,22/09/2026,Mevagissey A,Bethel A,5,Matt Mills,62,Mark Ashton,61,,34
2026-2027,Victory League,22/09/2026,St Blazey A,St Blazey B,1,George Taylor,14,Gavin Dyche,54,,
2026-2027,Victory League,22/09/2026,St Blazey A,St Blazey B,2,Kyle Masters,43,Clive Stuthridge,47,,
2026-2027,Victory League,22/09/2026,St Blazey A,St Blazey B,3,Darren Roberts,65,Ryan Orchard,46,,
2026-2027,Victory League,22/09/2026,St Blazey A,St Blazey B,4,Chris Brown,15,Ian Millward,60,,
2026-2027,Victory League,22/09/2026,St Blazey A,St Blazey B,5,Stuart Dewings,26,Joshua Bristow,54,,
2026-2027,Victory League,22/09/2026,Tregonissey A,Luxulyan A,1,Kevin Harris,31,Justin Oxenham,51,,
2026-2027,Victory League,22/09/2026,Tregonissey A,Luxulyan A,2,Mark Poulson,67,Harrison Burdon,44,,
2026-2027,Victory League,22/09/2026,Tregonissey A,Luxulyan A,3,Andrew Gooch,48,Andrew Best,12,,
2026-2027,Victory League,22/09/2026,Tregonissey A,Luxulyan A,4,Jason Cocks,73,Simon Taylor,38,32,
2026-2027,Victory League,22/09/2026,Tregonissey A,Luxulyan A,5,Geoff Merriman,24,Gary Spencer,59,,
2026-2027,Victory League,22/09/2026,Pelynt,St Neot,1,Phil Ormond,55,Darren OShea,11,,
2026-2027,Victory League,22/09/2026,Pelynt,St Neot,2,Paul Woodman,63,Chris Perring,50,,
2026-2027,Victory League,22/09/2026,Pelynt,St Neot,3,Richard Broad,43,Anthony Maddams,24,,
2026-2027,Victory League,22/09/2026,Pelynt,St Neot,4,Len Flower,7,Darran Lock,87,,
2026-2027,Victory League,22/09/2026,Pelynt,St Neot,5,Jamie Daniell,41,Steve Courts,62,,
2026-2027,Victory League,29/09/2026,St Neot,Bugle,1,Darren OShea,21,Keith Moore,43,,
2026-2027,Victory League,29/09/2026,St Neot,Bugle,2,Mark Nicolas,51,Dave Rundle,39,,
2026-2027,Victory League,29/09/2026,St Neot,Bugle,3,Steve Courts,45,Jake Moore,67,,32
2026-2027,Victory League,29/09/2026,St Neot,Bugle,4,Chris Perring,40,Ian Ball,76,,
2026-2027,Victory League,29/09/2026,St Neot,Bugle,5,Darran Lock,75,Mark Sturtridge,29,,
2026-2027,Victory League,29/09/2026,Bethel A,Pelynt,1,Garry Stephens,52,John Daniell,10,,
2026-2027,Victory League,29/09/2026,Bethel A,Pelynt,2,Paul Baron,55,Jamie Daniell,37,,
2026-2027,Victory League,29/09/2026,Bethel A,Pelynt,3,Andy Peers,66,Len Flower,21,,
2026-2027,Victory League,29/09/2026,Bethel A,Pelynt,4,Matt Green,50,Richard Broad,15,,
2026-2027,Victory League,29/09/2026,Bethel A,Pelynt,5,Mark Ashton,46,Phil Ormond,52,,
2026-2027,Victory League,29/09/2026,St Blazey B,Mevagissey A,1,Gavin Dyche,30,Ryan Bilson,62,,
2026-2027,Victory League,29/09/2026,St Blazey B,Mevagissey A,2,Ryan Orchard,60,Charlie Prynn,32,,
2026-2027,Victory League,29/09/2026,St Blazey B,Mevagissey A,3,Ian Millward,64,Ben Prynn,24,33,
2026-2027,Victory League,29/09/2026,St Blazey B,Mevagissey A,4,Joshua Bristow,69,Matt Mills,53,,
2026-2027,Victory League,29/09/2026,St Blazey B,Mevagissey A,5,Clive Stuthridge,51,Matthew Chesterfield,66,,
2026-2027,Victory League,29/09/2026,Luxulyan A,St Blazey A,1,Gary Spencer,68,Stuart Dewings,1,,
2026-2027,Victory League,29/09/2026,Luxulyan A,St Blazey A,2,Justin Oxenham,44,George Taylor,52,,
2026-2027,Victory League,29/09/2026,Luxulyan A,St Blazey A,3,Harrison Burdon,49,Chris Brown,36,,
2026-2027,Victory League,29/09/2026,Luxulyan A,St Blazey A,4,Simon Taylor,17,Martin Richards,62,,
2026-2027,Victory League,29/09/2026,Luxulyan A,St Blazey A,5,Andrew Best,85,Darren Roberts,6,,
2026-2027,Victory League,29/09/2026,Mevagissey B,Tregonissey A,1,Ben Rothwell,33,Jason Cocks,55,,
2026-2027,Victory League,29/09/2026,Mevagissey B,Tregonissey A,2,Dave Kendall,55,Kevin Harris,24,,
2026-2027,Victory League,29/09/2026,Mevagissey B,Tregonissey A,3,Nathan Shaw,27,Mark Poulson,51,,
2026-2027,Victory League,29/09/2026,Mevagissey B,Tregonissey A,4,Mark Gregory,30,Geoff Merriman,57,,
2026-2027,Victory League,29/09/2026,Mevagissey B,Tregonissey A,5,Matt Rowe,25,Andrew Gooch,73,,
2026-2027,Victory League,06/10/2026,Bugle,Bethel A,1,Jake Moore,61,Andy Peers,17,,
2026-2027,Victory League,06/10/2026,Bugle,Bethel A,2,Keith Moore,54,Matt Green,44,,
2026-2027,Victory League,06/10/2026,Bugle,Bethel A,3,Mark Sturtridge,11,Mark Ashton,72,,
2026-2027,Victory League,06/10/2026,Bugle,Bethel A,4,Colin Rundle,16,Garry Stephens,56,,
2026-2027,Victory League,06/10/2026,Bugle,Bethel A,5,Dave Rundle,13,Paul Baron,86,,45
2026-2027,Victory League,06/10/2026,Mevagissey A,Luxulyan A,1,Matthew Chesterfield,51,Andrew Best,48,,
2026-2027,Victory League,06/10/2026,Mevagissey A,Luxulyan A,2,Matt Mills,28,Gary Spencer,65,,
2026-2027,Victory League,06/10/2026,Mevagissey A,Luxulyan A,3,Ryan Bilson,63,Simon Taylor,10,41,
2026-2027,Victory League,06/10/2026,Mevagissey A,Luxulyan A,4,Ben Prynn,33,Harrison Burdon,54,,
2026-2027,Victory League,06/10/2026,Mevagissey A,Luxulyan A,5,Charlie Prynn,23,Justin Oxenham,52,,
2026-2027,Victory League,06/10/2026,St Blazey A,Mevagissey B,1,Stuart Dewings,46,Dave Kendall,32,,
2026-2027,Victory League,06/10/2026,St Blazey A,Mevagissey B,2,Chris Brown,46,Ben Rothwell,57,31,
2026-2027,Victory League,06/10/2026,St Blazey A,Mevagissey B,3,George Taylor,34,Mark Gregory,63,,
2026-2027,Victory League,06/10/2026,St Blazey A,Mevagissey B,4,Darren Roberts,40,Nathan Shaw,56,,
2026-2027,Victory League,06/10/2026,St Blazey A,Mevagissey B,5,Martin Richards,21,Matt Rowe,45,,
2026-2027,Victory League,06/10/2026,Tregonissey A,St Neot,1,Jason Cocks,72,Steve Courts,27,48,
2026-2027,Victory League,06/10/2026,Tregonissey A,St Neot,2,Kevin Harris,52,Anthony Maddams,11,,
2026-2027,Victory League,06/10/2026,Tregonissey A,St Neot,3,Mark Poulson,28,Darran Lock,50,,
2026-2027,Victory League,06/10/2026,Tregonissey A,St Neot,4,Geoff Merriman,66,Chris Perring,61,,
2026-2027,Victory League,06/10/2026,Tregonissey A,St Neot,5,Andrew Gooch,68,Darren OShea,26,,
2026-2027,Victory League,06/10/2026,Pelynt,St Blazey B,1,Paul Woodman,54,Clive Stuthridge,29,,
2026-2027,Victory League,06/10/2026,Pelynt,St Blazey B,2,Jamie Daniell,66,Ian Millward,22,34,
2026-2027,Victory League,06/10/2026,Pelynt,St Blazey B,3,Phil Ormond,52,Gavin Dyche,31,,
2026-2027,Victory League,06/10/2026,Pelynt,St Blazey B,4,Len Flower,54,Ryan Orchard,35,,
2026-2027,Victory League,06/10/2026,Pelynt,St Blazey B,5,Richard Broad,15,Joshua Bristow,61,,30
2026-2027,Rees Memorial League,22/09/2026,Bethel D,Bethel C,1,Bob Stephens,59,Howard Brett,26,,
2026-2027,Rees Memorial League,22/09/2026,Bethel D,Bethel C,2,Steve Bennallack,60,Mike Haley,35,,
2026-2027,Rees Memorial League,22/09/2026,Bethel D,Bethel C,3,Geoff Hawken,26,James Smithson,46,,
2026-2027,Rees Memorial League,22/09/2026,Bethel D,Bethel C,4,Jason Pascoe,58,Leigh Rosevear,16,,
2026-2027,Rees Memorial League,22/09/2026,Bethel D,Bethel C,5,Andy Sayer,53,Paul Smithson,32,,
2026-2027,Rees Memorial League,22/09/2026,Bethel B,Mevagissey C,1,Matt Moore,41,Glyn Tamblin,10,,
2026-2027,Rees Memorial League,22/09/2026,Bethel B,Mevagissey C,2,Mark Haworth,36,Adrian Evans,52,,
2026-2027,Rees Memorial League,22/09/2026,Bethel B,Mevagissey C,3,Craig Nicholls,4,Richard Tamblin,54,,
2026-2027,Rees Memorial League,22/09/2026,Bethel B,Mevagissey C,4,Darren Biggen,52,Oliver Watson,44,,
2026-2027,Rees Memorial League,22/09/2026,Bethel B,Mevagissey C,5,Roy Bayliss,1,Andrew Kitt,0,,
2026-2027,Rees Memorial League,22/09/2026,Gorran Haven,Lerryn,1,James Towsey,65,Les Shakespeare,10,,
2026-2027,Rees Memorial League,22/09/2026,Gorran Haven,Lerryn,2,Rob Bunney,40,Terry Middleton,47,,
2026-2027,Rees Memorial League,22/09/2026,Gorran Haven,Lerryn,3,Lee McKinstry,63,Simon Yeo,39,,
2026-2027,Rees Memorial League,22/09/2026,Gorran Haven,Lerryn,4,Steve Williams,40,John Hancock,10,,
2026-2027,Rees Memorial League,22/09/2026,Gorran Haven,Lerryn,5,Matt Fox,52,Extra Player,27,,
2026-2027,Rees Memorial League,22/09/2026,Luxulyan B,Tregonissey B,1,Simon Johnson,50,Chris Witcombe,9,,
2026-2027,Rees Memorial League,22/09/2026,Luxulyan B,Tregonissey B,2,Keith Remphry,41,Jowan Truman,34,,
2026-2027,Rees Memorial League,22/09/2026,Luxulyan B,Tregonissey B,3,Kevin Spencer,49,Nathan Taylor,35,,
2026-2027,Rees Memorial League,22/09/2026,Luxulyan B,Tregonissey B,4,Steve Vicary,62,Ryan Taylor,31,,
2026-2027,Rees Memorial League,22/09/2026,Luxulyan B,Tregonissey B,5,Kyle Bennetts,55,Extra Player,22,,
2026-2027,Rees Memorial League,29/09/2026,Tregonissey B,Bethel D,1,Chris Witcombe,35,Jason Pascoe,45,,
2026-2027,Rees Memorial League,29/09/2026,Tregonissey B,Bethel D,2,Ryan Taylor,70,Steve Bennallack,27,,
2026-2027,Rees Memorial League,29/09/2026,Tregonissey B,Bethel D,3,Nathan Taylor,37,Bob Stephens,53,,
2026-2027,Rees Memorial League,29/09/2026,Tregonissey B,Bethel D,4,Marc Luczynski,43,Andy Sayer,53,,
2026-2027,Rees Memorial League,29/09/2026,Tregonissey B,Bethel D,5,Mark Craddock,48,Geoff Hawken,63,,
2026-2027,Rees Memorial League,29/09/2026,Mevagissey C,Luxulyan B,1,Oliver Watson,15,Kyle Bennetts,56,,
2026-2027,Rees Memorial League,29/09/2026,Mevagissey C,Luxulyan B,2,Glyn Tamblin,5,Chris Austin,48,,
2026-2027,Rees Memorial League,29/09/2026,Mevagissey C,Luxulyan B,3,Adrian Evans,56,Steve Vicary,54,,
2026-2027,Rees Memorial League,29/09/2026,Mevagissey C,Luxulyan B,4,Richard Tamblin,58,Keith Remphry,16,,
2026-2027,Rees Memorial League,29/09/2026,Mevagissey C,Luxulyan B,5,Oliver Watson (Ext),58,Kevin Spencer,38,,
2026-2027,Rees Memorial League,29/09/2026,Tregonissey C,Bethel B,1,Darren Elliott,37,Craig Nicholls,51,,
2026-2027,Rees Memorial League,29/09/2026,Tregonissey C,Bethel B,2,Amanda Fleming,20,Roy Bayliss,63,,
2026-2027,Rees Memorial League,29/09/2026,Tregonissey C,Bethel B,3,Mark Richards,66,Matt Moore,31,,
2026-2027,Rees Memorial League,29/09/2026,Tregonissey C,Bethel B,4,Lucy Harrison,15,Terry Nicholls,40,,
2026-2027,Rees Memorial League,29/09/2026,Tregonissey C,Bethel B,5,Kelly McMullen,27,Darren Biggen,47,,
2026-2027,Rees Memorial League,29/09/2026,Bethel C,Gorran Haven,1,Howard Brett,53,Lee McKinstry,43,,
2026-2027,Rees Memorial League,29/09/2026,Bethel C,Gorran Haven,2,Paul Smithson,57,Rob Bunney,40,,
2026-2027,Rees Memorial League,29/09/2026,Bethel C,Gorran Haven,3,James Smithson,9,James Towsey,42,,
2026-2027,Rees Memorial League,29/09/2026,Bethel C,Gorran Haven,4,Leigh Rosevear,51,Steve Williams,32,,
2026-2027,Rees Memorial League,29/09/2026,Bethel C,Gorran Haven,5,Ben Stunell,18,Matt Fox,60,,
2026-2027,Rees Memorial League,06/10/2026,Bethel B,Lerryn,1,Mark Haworth,38,James Stephens,49,,
2026-2027,Rees Memorial League,06/10/2026,Bethel B,Lerryn,2,Roy Bayliss,45,Terry Middleton,14,,
2026-2027,Rees Memorial League,06/10/2026,Bethel B,Lerryn,3,Craig Nicholls,63,John Hancock,23,,
2026-2027,Rees Memorial League,06/10/2026,Bethel B,Lerryn,4,Matt Moore,16,Les Shakespeare,60,,
2026-2027,Rees Memorial League,06/10/2026,Bethel B,Lerryn,5,Darren Biggen,58,Simon Yeo,7,,
2026-2027,Rees Memorial League,06/10/2026,Gorran Haven,Tregonissey B,1,Steve Williams,26,Nathan Taylor,54,,
2026-2027,Rees Memorial League,06/10/2026,Gorran Haven,Tregonissey B,2,James Towsey,32,Chris Witcombe,49,,
2026-2027,Rees Memorial League,06/10/2026,Gorran Haven,Tregonissey B,3,Rob Bunney,65,Ryan Taylor,71,,
2026-2027,Rees Memorial League,06/10/2026,Gorran Haven,Tregonissey B,4,Lee McKinstry,36,Marc Luczynski,54,,
2026-2027,Rees Memorial League,06/10/2026,Gorran Haven,Tregonissey B,5,Matt Fox,59,Jowan Truman,16,,
2026-2027,Rees Memorial League,06/10/2026,Luxulyan B,Tregonissey C,1,Kyle Bennetts,46,Ellie Potter,27,,
2026-2027,Rees Memorial League,06/10/2026,Luxulyan B,Tregonissey C,2,Simon Johnson,76,Martin Richards,48,,
2026-2027,Rees Memorial League,06/10/2026,Luxulyan B,Tregonissey C,3,Steve Vicary,57,Amanda Fleming,34,,
2026-2027,Rees Memorial League,06/10/2026,Luxulyan B,Tregonissey C,4,Keith Remphry,76,Kelly McMullen,43,,
2026-2027,Rees Memorial League,06/10/2026,Luxulyan B,Tregonissey C,5,Kevin Spencer,48,Darren Elliott,30,,
