Name,Team,Position,Handicap,Birthday
Matt Green,Bethel A,Team Captain,5,
Garry Stephens,Bethel A,Vice Captain,5,
Paul Baron,Bethel A,Player,5,
Mark Ashton,Bethel A,Player,7,
Andy Peers,Bethel A,Player,16,
Craig Nicholls,Bethel B,Team Captain,30,
Neil Williams,Bethel B,Player,30,
Matt Moore,Bethel B,Player,35,
Roy Bayliss,Bethel B,Player,35,
Darren Biggen,Bethel B,Vice Captain,40,
Mark Haworth,Bethel B,Player,40,
Terry Nicholls,Bethel B,Player,50,
Joshua Doherty,Bethel B,Player,50,
Martin Powell,Bethel C,Player,25,
Howard Brett,Bethel C,Team Captain,30,
Leigh Rosevear,Bethel C,Player,30,
Roger Smithson,Bethel C,Player,35,
Ben Stunell,Bethel C,Player,35,
James Smithson,Bethel C,Vice Captain,35,
Mike Haley,Bethel C,Player,35,
Courtney Crockford,Bethel C,Player,40,
Paul Smithson,Bethel C,Player,40,
Paul Thomas,Bethel C,Player,40,
Liam Jones,Bethel D,Player,12,
Jason Pascoe,Bethel D,Team Captain,21,
Geoff Hawken,Bethel D,Player,21,
Bob Stephens,Bethel D,Player,21,
Steve Bennallack,Bethel D,Player,28,
Andy Sayer,Bethel D,Player,35,
Ross McMenemy,Bethel D,Vice Captain,40,
Keith Moore,Bugle,Team Captain,25,
Colin Rundle,Bugle,Vice Captain,35,
Dave Rundle,Bugle,Player,18,
Jake Moore,Bugle,Player,12,
Mark Sturtridge,Bugle,Player,30,
Nigel Couchman,Bugle,Player,40,
Ian Ball,Bugle,Player,18,
Mike Williams,Bugle,Player,50,
Ben Prynn,Mevagissey A,Team Captain,16,
Matthew Chesterfield,Mevagissey A,Vice Captain,25,
Matt Mills,Mevagissey A,Player,18,
Ryan Bilson,Mevagissey A,Player,0,
Charlie Prynn,Mevagissey A,Player,40,
Darren Powell,Mevagissey A,Player,30,
Rob Blamey,Mevagissey A,Player,45,
James Tomlinson,Mevagissey A,Player,30,
Scott Mills,Mevagissey A,Player,40,
Andre Koranteng,Mevagissey A,Player,,
James Prynn,Mevagissey A,Player,60,
Ian Latham,Mevagissey A,Player,40,
Neil Parker,Mevagissey B,Player,50,
Mark Gregory,Mevagissey B,Team Captain,25,
Matt Rowe,Mevagissey B,Vice Captain,35,
Dave Kendall,Mevagissey B,Player,30,
Nathan Shaw,Mevagissey B,Player,18,
Ben Rothwell,Mevagissey B,Player,25,
Pete Chambers,Mevagissey B,Player,0,
Peter Harford,Mevagissey C,Player,,
Benjamin Baker,Mevagissey C,Player,45,
Richard Lakeman,Mevagissey C,Player,30,
John Stephens,Mevagissey C,Player,40,
Andrew Kitt,Mevagissey C,Player,35,
Adrian Evans,Mevagissey C,Team Captain,40,
Glyn Tamblin,Mevagissey C,Vice Captain,50,
Oliver Watson,Mevagissey C,Player,55,
Mark Ferguson,Mevagissey C,Player,40,
Richard Tamblin,Mevagissey C,Player,40,
Joe Chesterfield,Mevagissey C,Player,45,
Phil Ormond,Pelynt,Player,16,
John Daniell,Pelynt,Team Captain,35,
Len Flower,Pelynt,Vice Captain,21,
Jamie Daniell,Pelynt,Player,10,
Paul Woodman,Pelynt,Player,25,
Richard Broad,Pelynt,Player,21,
Billy Vigus,St Blazey A,Team Captain,30,
Chris Brown,St Blazey A,Vice Captain,16,
Darren Roberts,St Blazey A,Player,25,
Martin Richards,St Blazey A,Player,40,
George Taylor,St Blazey A,Player,35,
Stuart Dewings,St Blazey A,Player,30,
Kyle Masters,St Blazey A,Player,30,
Ian Millward,St Blazey B,Player,16,
Liam Reynolds,St Blazey B,Player,16,
Ryan Orchard,St Blazey B,Player,21,
Paul Roberts,St Blazey B,Player,40,
Joshua Bristow,St Blazey B,Team Captain,12,
Clive Stuthridge,St Blazey B,Vice Captain,21,
Gavin Dyche,St Blazey B,Player,16,
Mark Nicolas,St Neot,Player,35,
Nigel Collins,St Neot,Player,21,
Mark Story,St Neot,Player,25,
Andrew Tamblyn,St Neot,Player,25,
Steve Courts,St Neot,Team Captain,7,
Chris Perring,St Neot,Player,40,
Darran Lock,St Neot,Vice Captain,-14,
Anthony Maddams,St Neot,Player,45,
Darren OShea,St Neot,Player,35,
Richard Pearson,Tregonissey A,Player,7,
Geoff Merriman,Tregonissey A,Team Captain,21,
Andrew Gooch,Tregonissey A,Vice Captain,5,
Jason Cocks,Tregonissey A,Player,5,
Kevin Harris,Tregonissey A,Player,21,
Mark Poulson,Tregonissey A,Player,21,
Dan Allen,Tregonissey A,Player,25,
Jowan Truman,Tregonissey B,Team Captain,30,
Nathan Taylor,Tregonissey B,Vice Captain,45,
Ryan Taylor,Tregonissey B,Player,60,
Josh Pollard,Tregonissey B,Player,50,
Marc Luczynski,Tregonissey B,Player,35,
Chris Witcombe,Tregonissey B,Player,50,
Mark Craddock,Tregonissey B,Player,45,
Graham Taylor,Tregonissey B,Player,18,
Amanda Fleming,Tregonissey C,Team Captain,60,
Kelly McMullen,Tregonissey C,Vice Captain,60,
Mark Richards,Tregonissey C,Player,30,
Dave Tregale,Tregonissey C,Player,40,
Lucy Harrison,Tregonissey C,Player,50,
Ellie Potter,Tregonissey C,Player,60,
Lynn Kearns,Tregonissey C,Player,60,
Darren Elliott,Tregonissey C,Player,40,
Edward Barkhuysen,Gorran Haven,Player,,
Matt Fox,Gorran Haven,Player,16,
Lee McKinstry,Gorran Haven,Team Captain,21,
Steve Williams,Gorran Haven,Vice Captain,50,
Rob Bunney,Gorran Haven,Player,45,
Dan Pascoe,Gorran Haven,Player,45,
Warren Ball,Gorran Haven,Player,35,
Terry Mills,Gorran Haven,Player,35,
James Towsey,Gorran Haven,Player,50,
Simon Yeo,Lerryn,Player,,
Terry Middleton,Lerryn,Team Captain,45,
Les Shakespeare,Lerryn,Vice Captain,30,
John Hancock,Lerryn,Player,50,
David Vipond,Lerryn,Player,55,
Graham Hoskin,Lerryn,Player,40,
James Stephens,Lerryn,Player,40,
Gary Spencer,Luxulyan A,Team Captain,-5,
Andrew Best,Luxulyan A,Player,0,
Paul Sturtridge,Luxulyan A,Player,16,
Justin Oxenham,Luxulyan A,Vice Captain,21,
Ian Powell,Luxulyan A,Player,25,
Harrison Burdon,Luxulyan A,Player,30,
Simon Taylor,Luxulyan A,Player,35,
Keiran Pearce,Luxulyan A,Player,40,
Simon Johnson,Luxulyan B,Player,30,
Kyle Bennetts,Luxulyan B,Player,30,
Neil Webb,Luxulyan B,Player,35,
Steve Vicary,Luxulyan B,Team Captain,40,
Keith Remphry,Luxulyan B,Player,45,
Kevin Spencer,Luxulyan B,Vice Captain,50,
Tony Grose,Luxulyan B,Player,50,
Kenanne Burt,Luxulyan B,Player,50,
Chris Austin,Luxulyan B,Player,50,
