Name,Handicap
Abi Edwards,60
Adrian Bowyer,45
Adrian Dyche,35
Aiden Craddock,35
Alan Meades,
Andrew Pollard,60
Andy Cooke,45
Andy Garside,60
Andy Parnell,40
Andy Pearce,0
Andy Ridgeman,-7
Antony Cornwall,60
Antony Harrison,40
Barrie McIntosh,-7
Brian Green,45
Carol Stephens,50
Charles McMiram,55
Chris Cocks,60
Chris Edwards,60
Chris Hazell,60
Chris Ireland,55
Chris Kendall,16
Chris Leonard,60
Chris McAvoy,
Chris Mitchell,25
Chris Morford,18
Chris Stephenson,10
Claire Cortis,60
Craig Wherry,40
Damian Knight,50
Damien Rowe,60
Dan Tynan,
Daniel Parmenter,60
Darwin Fitz,50
Dave McClaren,45
Dave McLaren,
Dave Morshead,40
Dave Willis,
David Chivers,30
David Grose,16
David Patton,30
David Roberts,60
Dayle Dyche,30
Didi Coates,60
Gareth Grimshaw,55
Gary Moore,45
Gary Stocks,45
Geoff Hayhurst,50
George Lory,35
Gerry Markwell,25
Graham Goode,50
Graham Rosevear,50
Guy Buckle,30
Ian Hawke,10
Ian Hinde,40
Ivan Hancocks,30
Jackie Hancock,55
James Beeches,60
James Holmes,30
James Popplewell,7
James Raggatt,
Jamie Hobbs,45
Jason Best,40
Jason Biggen,50
Jason Hill,12
Jason Prynn,60
Jason Simmons,0
Jayden Bounsall,60
Jim Tamblin,60
John Bates,12
John Rosevear,45
John Wilson,40
John Wilton,35
Justin Hooley,30
Justin Pusey,55
Keith Armitage,25
Kieran Clemes,35
Lee Hobbs,40
Lee Oxenham,
Leighton Varcoe,25
Leon Collard,25
Liam Johns,35
Louise Winterburn,60
Luke Kennedy,45
Malcolm Hill,45
Mark Cockayne,35
Mark Sullivan,40
Mark Wherry,60
Martin Insted,55
Martin Isted,55
Martin Kitt,
Martin Knight,16
Martin McGurrell,50
Matt Pearce,50
Matt Vessey,7
Matt Woodward,16
Matthew Pearce,50
Michael Delaney,40
Michaela Edwards,60
Micky Meares,25
Mike Byard,
Mike Hancock,60
Mike Hooley,40
Mike Moreland,40
Mike Truscott,60
Mo Rescorla,40
Mo Roscorla,60
Natalie Rosevear,60
Nick Ferguson,30
Nick Madin,55
Nigel Doble,18
Nigel Emms,25
Oliver Rounsevell,40
Owen Simpson,30
Paul Simpson,50
Paul Williams,0
Peter Bate,35
Phil Hooley,35
Phil Johns,60
Phil Staley,60
Rich McCormack,60
Rich Wilkinson,35
Richard Allen,60
Richard Bolt,30
Richard Holmes,60
Richard Jenkins,60
Richard Opie,16
Richard Ware,
Richard Wilkinson,35
Rob Garside,50
Robert Cresswell,50
Robert Gascogne,
Robert Maddams,
Robin Pearce,55
Ryan Stephens,50
Ryan Tonkin,
Sam Couchman,60
Sarah Franks,60
Shaun Strickland,60
Simon Garrington,40
Simon OShea,55
Stacey Hancock,45
Steve Knight,
Stuart Bell,60
Stuart Cundy,30
Stuart Giles,35
Tim Blamey,50
Tom Hawken,
Tony Farrant,0
Trevor Pearce,
Tyrone Stephens,18
Victoria Rollings,60
Walter Courtis,40
Wayne George,40
Wayne Jordon,35
