Team,League,Venue,Playing
Bethel A,Victory League,Bethel Social Club,Yes
Bugle,Victory League,Bugle Working Mens Club,Yes
Luxulyan A,Victory League,Luxulyan Memorial Institute,Yes
Mevagissey A,Victory League,Mevagissey Social Club,Yes
Mevagissey B,Victory League,Mevagissey Social Club,Yes
Pelynt,Victory League,Pelynt Social Club,Yes
St Blazey A,Victory League,St Blazey Football Club,Yes
St Blazey B,Victory League,St Blazey Football Club,Yes
St Neot,Victory League,St Neot Social Club,Yes
Tregonissey A,Victory League,Tregonissey Social Club,Yes
Bethel B,Rees Memorial League,Bethel Social Club,Yes
Bethel C,Rees Memorial League,Bethel Social Club,Yes
Bethel D,Rees Memorial League,Bethel Social Club,Yes
Gorran Haven,Rees Memorial League,Gorran Haven Snooker Club,Yes
Lerryn,Rees Memorial League,Lerryn Community Centre,Yes
Luxulyan B,Rees Memorial League,Luxulyan Memorial Institute,Yes
Mevagissey C,Rees Memorial League,Mevagissey Social Club,Yes
Tregonissey B,Rees Memorial League,Tregonissey Social Club,Yes
Tregonissey C,Rees Memorial League,Tregonissey Social Club,Yes
